Workbook

Sheet Products
A1: ProductID | B1: Product | C1: Category | D1: Price
A2: 101 | B2: Product A | C2: Electronics | D2: 120
A3: 102 | B3: Product B | C3: Furniture | D3: 150
A4: 103 | B4: Product C | C4: Electronics | D4: 200
A5: 104 | B5: Product D | C5: Clothing | D5: 90
A6: 105 | B6: Product E | C6: Furniture | D6: 220
A7: 106 | B7: Product F | C7: Electronics | D7: 130

Sheet Orders
A1: OrderID | B1: ProductID | C1: Quantity | D1: UnitPrice | E1: TotalPrice
A2: 1 | B2: 101 | C2: 2
A3: 2 | B3: 103 | C3: 1
A4: 3 | B4: 105 | C4: 4
A5: 4 | B5: 106 | C5: 3
A6: 5 | B6: 102 | C6: 5
A7: 6 | B7: 104 | C7: 6
A8: 7 | B8: 107 | C8: 8
G11: 1. Use VLOOKUP to dynamically find the unit price for each ProductID in the Orders worksheet and calculate the total price.
G14: OrderID | H14: ProductID | I14: Quantity | J14: UnitPrice | K14: TotalPrice
G15: 1 | H15: 101 | I15: 2 | J15: =_xlfn.IFNA(VLOOKUP($H15,Products!$A$1:$D$7,MATCH("Price",Products!$A$1:$D$1,0),0),"Not Found") -> 120 | K15: =_xlfn.IFNA(VLOOKUP($H15,Products!$A$1:$D$7,MATCH("Price",Products!$A$1:$D$1,0),0)*VLOOKUP(Orders!$H15,Orders!$H$14:$J$21,MATCH("Quantity",Orders!$H$14:$J$14,0),0),"Not Available") -> 240
G16: 2 | H16: 103 | I16: 1 | J16: =_xlfn.IFNA(VLOOKUP($H16,Products!$A$1:$D$7,MATCH("Price",Products!$A$1:$D$1,0),0),"Not Found") -> 200 | K16: =_xlfn.IFNA(VLOOKUP($H16,Products!$A$1:$D$7,MATCH("Price",Products!$A$1:$D$1,0),0)*VLOOKUP(Orders!$H16,Orders!$H$14:$J$21,MATCH("Quantity",Orders!$H$14:$J$14,0),0),"Not Available") -> 200
G17: 3 | H17: 105 | I17: 4 | J17: =_xlfn.IFNA(VLOOKUP($H17,Products!$A$1:$D$7,MATCH("Price",Products!$A$1:$D$1,0),0),"Not Found") -> 220 | K17: =_xlfn.IFNA(VLOOKUP($H17,Products!$A$1:$D$7,MATCH("Price",Products!$A$1:$D$1,0),0)*VLOOKUP(Orders!$H17,Orders!$H$14:$J$21,MATCH("Quantity",Orders!$H$14:$J$14,0),0),"Not Available") -> 880
G18: 4 | H18: 106 | I18: 3 | J18: =_xlfn.IFNA(VLOOKUP($H18,Products!$A$1:$D$7,MATCH("Price",Products!$A$1:$D$1,0),0),"Not Found") -> 130 | K18: =_xlfn.IFNA(VLOOKUP($H18,Products!$A$1:$D$7,MATCH("Price",Products!$A$1:$D$1,0),0)*VLOOKUP(Orders!$H18,Orders!$H$14:$J$21,MATCH("Quantity",Orders!$H$14:$J$14,0),0),"Not Available") -> 390
G19: 5 | H19: 102 | I19: 5 | J19: =_xlfn.IFNA(VLOOKUP($H19,Products!$A$1:$D$7,MATCH("Price",Products!$A$1:$D$1,0),0),"Not Found") -> 150 | K19: =_xlfn.IFNA(VLOOKUP($H19,Products!$A$1:$D$7,MATCH("Price",Products!$A$1:$D$1,0),0)*VLOOKUP(Orders!$H19,Orders!$H$14:$J$21,MATCH("Quantity",Orders!$H$14:$J$14,0),0),"Not Available") -> 750
G20: 6 | H20: 104 | I20: 6 | J20: =_xlfn.IFNA(VLOOKUP($H20,Products!$A$1:$D$7,MATCH("Price",Products!$A$1:$D$1,0),0),"Not Found") -> 90 | K20: =_xlfn.IFNA(VLOOKUP($H20,Products!$A$1:$D$7,MATCH("Price",Products!$A$1:$D$1,0),0)*VLOOKUP(Orders!$H20,Orders!$H$14:$J$21,MATCH("Quantity",Orders!$H$14:$J$14,0),0),"Not Available") -> 540
G21: 7 | H21: 107 | I21: 8 | J21: =_xlfn.IFNA(VLOOKUP($H21,Products!$A$1:$D$7,MATCH("Price",Products!$A$1:$D$1,0),0),"Not Found") -> Not Found | K21: =_xlfn.IFNA(VLOOKUP($H21,Products!$A$1:$D$7,MATCH("Price",Products!$A$1:$D$1,0),0)*VLOOKUP(Orders!$H21,Orders!$H$14:$J$21,MATCH("Quantity",Orders!$H$14:$J$14,0),0),"Not Available") -> Not Available
G26: 2. Use nested VLOOKUP to find the category of each product in the Orders worksheet.
G29: OrderID | H29: ProductID | I29: Quantity | J29: Category
G30: 1 | H30: 101 | I30: 2 | J30: =_xlfn.IFNA(VLOOKUP(VLOOKUP($H30,Products!$A$1:$D$7,MATCH("Product",Products!$A$1:$D$1,0),0),Products!$B$1:$D$7,MATCH("Category",Products!$B$1:$D$1,0),0),"Not Found") -> Electronics
G31: 2 | H31: 103 | I31: 1 | J31: =_xlfn.IFNA(VLOOKUP(VLOOKUP($H31,Products!$A$1:$D$7,MATCH("Product",Products!$A$1:$D$1,0),0),Products!$B$1:$D$7,MATCH("Category",Products!$B$1:$D$1,0),0),"Not Found") -> Electronics
G32: 3 | H32: 105 | I32: 4 | J32: =_xlfn.IFNA(VLOOKUP(VLOOKUP($H32,Products!$A$1:$D$7,MATCH("Product",Products!$A$1:$D$1,0),0),Products!$B$1:$D$7,MATCH("Category",Products!$B$1:$D$1,0),0),"Not Found") -> Furniture
G33: 4 | H33: 106 | I33: 3 | J33: =_xlfn.IFNA(VLOOKUP(VLOOKUP($H33,Products!$A$1:$D$7,MATCH("Product",Products!$A$1:$D$1,0),0),Products!$B$1:$D$7,MATCH("Category",Products!$B$1:$D$1,0),0),"Not Found") -> Electronics
G34: 5 | H34: 102 | I34: 5 | J34: =_xlfn.IFNA(VLOOKUP(VLOOKUP($H34,Products!$A$1:$D$7,MATCH("Product",Products!$A$1:$D$1,0),0),Products!$B$1:$D$7,MATCH("Category",Products!$B$1:$D$1,0),0),"Not Found") -> Furniture
G35: 6 | H35: 104 | I35: 6 | J35: =_xlfn.IFNA(VLOOKUP(VLOOKUP($H35,Products!$A$1:$D$7,MATCH("Product",Products!$A$1:$D$1,0),0),Products!$B$1:$D$7,MATCH("Category",Products!$B$1:$D$1,0),0),"Not Found") -> Clothing
G36: 7 | H36: 107 | I36: 8 | J36: =_xlfn.IFNA(VLOOKUP(VLOOKUP($H36,Products!$A$1:$D$7,MATCH("Product",Products!$A$1:$D$1,0),0),Products!$B$1:$D$7,MATCH("Category",Products!$B$1:$D$1,0),0),"Not Found") -> Not Found

Sheet Monthly Sales
A1: Advanced HLOOKUP Exercises
A3: Worksheet: MonthlySales
B5: Jan | C5: Feb | D5: Mar | E5: Apr | F5: May | H5: 1. Use HLOOKUP to dynamically find the sales for Product B in a specified month.
A6: Product A | B6: 120 | C6: 130 | D6: 140 | E6: 150 | F6: 160
A7: Product B | B7: 150 | C7: 160 | D7: 170 | E7: 180 | F7: 190
A8: Product C | B8: 200 | C8: 210 | D8: 220 | E8: 230 | F8: 240 | H8: Product/Month | I8: Jan
A9: Product D | B9: 90 | C9: 100 | D9: 110 | E9: 120 | F9: 130 | H9: Product B | I9: =HLOOKUP($I$8,$A$5:$F$11,MATCH($H$9,$A$5:$A$11,0),0) -> 150
A10: Product E | B10: 220 | C10: 230 | D10: 240 | E10: 250 | F10: 260
A11: Product F | B11: 130 | C11: 140 | D11: 150 | E11: 160 | F11: 170
